Title;Old Price;New Price
iPhone 5S 16GB Gold;299.99;139.99
iPhone 5S 16GB Space Gray;299.99;139.99
iPhone 5S 16GB Silver;299.99;139.99
iPhone 5S 64GB Gold;339.99;169.99
iPhone 5S 64GB Space Gray;339.99;169.99
iPhone 5S – 64GB – Silver;339.99;169.99
iPhone SE 16GB Gold;339.99;169.99
iPhone SE 16GB Rose Gold;339.99;169.99
iPhone SE 16GB Space Gray;339.99;169.99
iPhone SE 16GB Silver;339.99;169.99
iPhone 6 16GB Gold;379.99;189.99
iPhone 6 16GB Space Gray;379.99;189.99
iPhone SE 64GB Gold;449.99;229.99
iPhone SE 64GB Rose Gold;449.99;229.99
iPhone SE 64GB Space Gray;449.99;229.99
iPhone SE 64GB Silver;449.99;229.99
iPhone 6 16GB Silver;379.99;189.99
iPhone 6 64GB Gold;419.99;219.99
iPhone 6 64GB Space Gray;419.99;219.99
iPhone 6 64GB – Silver;419.99;219.99
iPhone 6 128GB Gold;439.99;269.99
iPhone 6 128GB Space Gray;439.99;269.99
iPhone 6 128GB Silver;439.99;269.99
iPhone 6 Plus 16GB Gold;429.99;249.99
iPhone 6 Plus 16GB Space Gray;429.99;249.99
iPhone 6 Plus 16GB Silver;429.99;249.99
iPhone 6 Plus 64GB Space Gray;489.99;309.99
iPhone 6 Plus 64GB Silver;489.99;309.99
iPhone 6 Plus 64GB Gold;489.99;309.99
iPhone 6 Plus 128GB Gold;509.99;319.99
iPhone 6 Plus 128GB Space Gray;509.99;319.99
iPhone 6 Plus – 128GB – Silver;509.99;319.99
iPhone 6S 16GB Gold;479.99;219.99
iPhone 6S 16GB Rose;479.99;219.99
iPhone 6S 16GB Space Gray;479.99;219.99
iPhone 6S 16GB Silver;479.99;219.99
iPhone 6S 64GB Gold;629.99;269.99
iPhone 6S 64GB Rose;629.99;269.99
iPhone 6S 64GB Silver;629.99;269.99
iPhone 6S 128GB Gold;659.99;289.99
iPhone 6S 128GB Rose;659.99;289.99
iPhone 6S 128GB Space Gray;659.99;289.99
iPhone 6S 64GB Space Gray;629.99;269.99
iPhone 6S 128GB Silver;659.99;289.99
iPhone 6S Plus 16GB Gold;599.99;309.99
iPhone 6S Plus 16GB Rose;599.99;309.99
iPhone 6S Plus 16GB Space Gray;599.99;309.99
iPhone 6S Plus 16GB Silver;599.99;309.99
iPhone 6S Plus 64GB Gold;699.99;349.99
iPhone 6S Plus 64GB Space Gray;699.99;349.99
iPhone 6S Plus 64GB Silver;699.99;349.99
iPhone 6S Plus 128GB Gold;769.99;409.99
iPhone 6S Plus 128GB Rose;769.99;409.99
iPhone 6S Plus 64GB Rose;699.99;349.99
iPhone 6S Plus 128GB Space Gray;769.99;409.99
iPhone 6S Plus 128GB Silver;769.99;409.99
iPhone 7 32 GB Gold;539.99;299.99
iPhone 7 32 GB Rose Gold;539.99;299.99
iPhone  7 32 GB Jet Black;539.99;299.99
iPhone  7 32 GB  Black;539.99;299.99
iPhone 7 32GB Silver;539.99;299.99
iPhone 7 128 GB Gold;649.99;359.99
iPhone 7 128 GB Rose Gold;649.99;359.99
iPhone  7 128GB Jet Black;649.99;359.99
iPhone 7 256 GB Gold;819.99;429.99
iPhone 7 256 GB Rose Gold;819.99;429.99
iPhone  7 256 GB Jet Black;819.99;429.99
iPhone  7 128 GB Black;649.99;359.99
iPhone 7 128GB Silver;649.99;359.99
iPhone  7 256 GB Black;819.99;429.99
iPhone 7 256 GB Silver;819.99;429.99
iPhone 7 Plus 32GB Gold;669.99;429.99
iPhone 7 Plus 32GB Rose;669.99;429.99
iPhone 7 Plus 32GB Jet Black;669.99;429.99
iPhone 7 Plus 32GB Black;669.99;429.99
iPhone 7 Plus 128GB Jet Black;779.99;469.99
iPhone 7 Plus  128GB  Black;779.99;469.99
iPhone 7 Plus 32GB Silver;669.99;429.99
iPhone 7 Plus 128GB Gold;779.99;469.99
iPhone 7 Plus 128GB Rose;779.99;469.99
iPhone 7 Plus 128GB Silver;779.99;469.99
iPhone 7 Plus 256GB  Gold;889.99;499.99
iPhone 7 Plus 256GB Rose;889.99;499.99
Iphone 7 Plus 256GB Jet Black;889.99;499.99
Iphone 7 Plus 128 GB Black;889.99;469.99
iPhone 8 64GB Silver;719.99;499.99
iPhone 8 64GB Space Gray;719.99;499.99
iPhone 8 256GB Gold;889.99;619.99
iPhone 8 256GB Silver;889.99;619.99
iPhone 7 Plus – 256GB Silver;889.99;499.99
iPhone 8 64GB Gold;719.99;499.99
iPhone 8 256GB Space Gray;889.99;619.99
iPhone 8 Plus 64GB Gold;719.99;599.99
iPhone 8 Plus 64GB Silver;719.99;599.99
iPhone 8 Plus 64GB Space Gray;719.99;599.99
iPhone 8 Plus 256GB Gold;889.99;709.99
iPhone 8 Plus 256GB Silver;889.99;709.99
iPhone 8 Plus 256GB Space Gray;889.99;709.99
iPhone X 64GB Silver;1,179.99;759.99
iPhone X 64GB Space Gray;1,179.99;759.99
iPhone X 256GB Silver;1,359.99;829.99
iPhone X 256GB Space Gray;1,359.99;829.99
iPhone 8 64GB Red;719.99;499.99
